Variable,Importances
quantity,0.14548727255216728
longitude,0.09947743948541923
latitude,0.09346843869496514
waterpoint_type,0.07428945540867371
gps_height,0.05902697994473617
subvillage,0.056518070849373776
extraction_type,0.047163930871212095
ward,0.04420859526568188
age,0.04385589734228399
construction_year,0.04233360815673355
